الحقل,الإرشادات,القيمة_المولدة_بواسطة_الذكاء_الاصطناعي
Team member identification,"Methods used to identify the skill sets needed and the level of skill needed. This includes techniques to estimate the number of resources needed, such as information from past projects, parametric estimates, or industry standards.",
Team member acquisition,Document how staff will be brought on to the project. Describe any differences between internal team members and contract team members with regard to on-boarding procedures.,
Team member management,Document how team members will be managed and eventually released from the team. Management methods may vary depending on the relative authority of the project manager and whether team members are internal to the organization or contract staff. Team member release should include methods for knowledge transfer.,
Project organizational chart,Create a hierarchy chart to show the project reporting and organizational structure.,
Training requirements,"Describe any required training on equipment, technology, or company processes. Include information on how and when training will be accomplished.",
Rewards and recognition,Describe any reward and recognition processes and limitations.,
Team development,Describe methods for developing individual team members and the team as a whole.,
Physical resource identification,"Methods used to identify the materials, equipment, and supplies needed to complete the work. This includes units of measure and techniques to estimate the amount of resources needed, such as information from past projects, parametric estimates, or industry standards.",
Physical resource acquisition,"Document how equipment, materials, and supplies will be acquired. This can include buy, lease, rent, or pull from inventory. In the event resources are acquired, ensure alignment with procurement management processes.",
Physical resource management,"Document how materials, equipment, and supplies will be managed to ensure they are available when needed. This can include appropriate inventory, supply chain, and logistics information.",
