Field,Guidance,LLM_Generated_Value
تكامل المشتريات,حدد كيف سيتكامل عمل المقاول مع المشروع (النطاق، الجدول الزمني، التوثيق، المخاطر، إعداد التقارير).,"[{""المجال"": ""النطاق"", ""نهج التكامل"": """"}, {""المجال"": ""الجدول الزمني"", ""نهج التكامل"": """"}, {""المجال"": ""التوثيق"", ""نهج التكامل"": """"}, {""المجال"": ""المخاطر"", ""نهج التكامل"": """"}, {""المجال"": ""إعداد التقارير"", ""نهج التكامل"": """"}]"
توقيت أنشطة المشتريات,حدد الجدول الزمني لأنشطة الشراء الرئيسية.,"[{""التاريخ"": """", ""النشاط"": """"}]"
مقاييس الأداء,وثق المقاييس التي سيتم استخدامها لتقييم أداء البائع.,"[{""العنصر"": """", ""المقياس"": """", ""طريقة القياس"": """"}]"
الأدوار والمسؤوليات والصلاحيات,حدد الأدوار والمسؤوليات ومستوى الصلاحية.,"[{""الدور"": """", ""المسؤولية"": """", ""الصلاحية"": """"}]"
الافتراضات والقيود,سجل الافتراضات والقيود المتعلقة بأنشطة الشراء.,"[{""الفئة"": """", ""الافتراض/القيد"": """"}]"
الولاية القضائية القانونية والعملة,حدد الموقع الذي له ولاية قضائية قانونية. حدد العملة التي سيتم استخدامها للتسعير والدفع.,
التقديرات المستقلة,وثق ما إذا كان سيتم استخدام تقديرات تكلفة مستقلة وما إذا كانت ستكون مطلوبة لاختيار المصدر.,
متطلبات إدارة المخاطر,وثق متطلبات سندات الأداء أو عقود التأمين للحد من المخاطر.,
البائعون المؤهلون مسبقًا,ضع قائمة بأي بائعين مؤهلين مسبقًا سيتم استخدامهم.,"["""", """"]"
