Section,Field,Guidance,LLM_Generated_Value
تحديد واستقطاب الموارد,استراتيجية تحديد احتياجات الموارد,الأساليب المتبعة لتحديد الموارد البشرية والمعدات والمواد اللازمة لتنفيذ المشروع.,
تحديد واستقطاب الموارد,نهج استقطاب وتعيين الكوادر,الإجراءات المعتمدة للتعيين الداخلي والاستقطاب الخارجي والتعاقد مع الكفاءات.,
الأدوار والمسؤوليات والصلاحيات,أدوار المشروع وملفات الكفاءة,توصيف أدوار المشروع الرئيسية والمؤهلات المطلوبة والمهارات الفنية اللازمة.,
الأدوار والمسؤوليات والصلاحيات,حدود الصلاحيات واتخاذ القرارات,نطاق الصلاحيات المخولة لمدير المشروع والقادة الفنيين والمشرفين الميدانيين.,
الهيكل التنظيمي للمشروع,المخطط التنظيمي للمشروع وهيكل التبعية,الهيكل التنظيمي الذي يوضح خطوط الإشراف والعلاقات الوظيفية بين فرق العمل.,
الهيكل التنظيمي للمشروع,حوكمة إدارة وتوزيع الموارد,السياسات الموجهة لتوزيع الموارد وحل تعارض الأولويات وموازنة أعباء العمل.,
استراتيجية تدريب وتطوير الفريق,مبادرات بناء وتطوير الفريق,الأنشطة والبرامج التوجيهية الهادفة لتعزيز تماسك الفريق ورفع كفاءته وإنتاجيته.,
استراتيجية تدريب وتطوير الفريق,برامج التدريب والشهادات المهنية,التدريبات الفنية وبرامج السلامة والتأهيل الإلزامي لأعضاء الفريق.,
إدارة وضبط الموارد المادية والمعدات,لوجستيات المواد والأجهزة والمعدات,إجراءات توريد وتخزين وتتبع استخدام وصيانة المعدات والأدوات المادية.,
إدارة وضبط الموارد المادية والمعدات,خطة تسريح وتدوير الموارد,المسار المرحلي المنظم لتسريح الكوادر وإعادة الأجهزة أو التخلص منها عند انتهاء المهام.,
